DATE,TATASTEEL
11-01-2010,591.9
12-01-2010,613.55
11-02-2010,599.05
12-02-2010,622.75
11-03-2010,609.6
12-03-2010,614.55
11-04-2010,621.5
11-05-2010,623.55
12-06-2010,635.05
12-07-2010,639.35
11-08-2010,633.2
12-08-2010,624.25
11-09-2010,641.3
12-09-2010,604.55
11-10-2010,637.4
12-10-2010,619
19-10-2010,633.15
20-10-2010,615.7
21-10-2010,628.4
22-10-2010,617.5
25-10-2010,620.25
26-10-2010,605.65
27-10-2010,614.9
28-10-2010,603.85
29-10-2010,589.4
11-11-2010,631.05
15-11-2010,618.3
16-11-2010,605.95
18-11-2010,623.45
19-11-2010,606.05
22-11-2010,624.85
23-11-2010,612.15
24-11-2010,616.6
25-11-2010,602.7
26-11-2010,598.8
29-11-2010,591.85
30-11-2010,584.8
11-12-2010,606.95
13-12-2010,631
14-12-2010,646.6
15-12-2010,642.75
16-12-2010,660.4
20-12-2010,666.4
21-12-2010,676.2
22-12-2010,672.9
23-12-2010,661.35
24-12-2010,672.85
27-12-2010,662.55
28-12-2010,665
29-12-2010,668.05
30-12-2010,672.75
31-12-2010,680.4
02-01-2011,631.75
03-01-2011,634.45
04-01-2011,626.6
06-01-2011,582.3
07-01-2011,602.3
08-01-2011,573.8
11-01-2011,472
12-01-2011,402.65
13-01-2011,637.55
14-01-2011,622.45
17-01-2011,625.65
18-01-2011,632.6
19-01-2011,639.6
20-01-2011,634.2
21-01-2011,629.55
24-01-2011,649.25
25-01-2011,655.35
27-01-2011,650.1
28-01-2011,637.45
31-01-2011,639.7
02-02-2011,626.25
05-02-2011,614.65
06-02-2011,574.9
08-02-2011,564.4
09-02-2011,490.1
11-02-2011,467.85
12-02-2011,419.1
14-02-2011,620.25
15-02-2011,616.6
16-02-2011,641.4
17-02-2011,655.1
18-02-2011,638.35
21-02-2011,637.45
22-02-2011,624.35
23-02-2011,627
24-02-2011,602.65
25-02-2011,606.85
28-02-2011,607.15
01-03-2011,704.05
02-03-2011,638.1
03-03-2011,624.4
05-03-2011,603.25
06-03-2011,573.25
08-03-2011,563.35
10-03-2011,394.65
11-03-2011,461.7
14-03-2011,601.1
15-03-2011,593.3
16-03-2011,599.55
17-03-2011,592.7
18-03-2011,597.15
21-03-2011,601.45
22-03-2011,604.8
23-03-2011,610.4
24-03-2011,609.75
25-03-2011,615.45
28-03-2011,613.4
29-03-2011,612.9
30-03-2011,615.8
31-03-2011,622.25
01-04-2011,694.7
02-04-2011,635.9
03-04-2011,618.2
04-04-2011,631.15
05-04-2011,589.75
07-04-2011,597.5
08-04-2011,557.75
10-04-2011,397.55
11-04-2011,467.15
13-04-2011,636.4
15-04-2011,630.6
18-04-2011,612.1
19-04-2011,609.4
20-04-2011,624.5
21-04-2011,630.05
25-04-2011,626.7
26-04-2011,627.4
27-04-2011,620.05
28-04-2011,613.45
29-04-2011,616.5
01-05-2011,680.95
04-05-2011,635.2
05-05-2011,583.05
07-05-2011,597.4
08-05-2011,532.95
09-05-2011,494.7
10-05-2011,400.6
12-05-2011,411.15
13-05-2011,594
16-05-2011,577.8
17-05-2011,573.95
18-05-2011,571.7
19-05-2011,562.75
20-05-2011,579.55
23-05-2011,559.4
24-05-2011,566.5
25-05-2011,561.2
26-05-2011,574.15
27-05-2011,585.2
30-05-2011,579.3
31-05-2011,589
01-06-2011,683.3
04-06-2011,634.4
05-06-2011,594.5
06-06-2011,567.9
07-06-2011,597.85
09-06-2011,495.45
13-06-2011,562.95
14-06-2011,561
15-06-2011,561.4
16-06-2011,553.25
17-06-2011,573.05
20-06-2011,561.15
21-06-2011,558.2
22-06-2011,558.1
23-06-2011,556.55
24-06-2011,578.95
27-06-2011,589.35
28-06-2011,587.25
29-06-2011,601.6
30-06-2011,610.25
01-07-2011,661.25
02-07-2011,640.4
03-07-2011,602.75
04-07-2011,638.35
06-07-2011,577.95
07-07-2011,606.7
09-07-2011,498.5
10-07-2011,419.7
12-07-2011,417.55
13-07-2011,575
14-07-2011,576.55
15-07-2011,572.95
18-07-2011,571.6
19-07-2011,576.4
20-07-2011,575.45
21-07-2011,573.35
22-07-2011,584.25
25-07-2011,591.25
26-07-2011,583.35
27-07-2011,579.85
28-07-2011,568.65
29-07-2011,564
02-08-2011,619.7
03-08-2011,616
04-08-2011,629.85
06-08-2011,577.7
07-08-2011,594.9
08-08-2011,509.1
09-08-2011,491.35
11-08-2011,467.4
12-08-2011,404.05
16-08-2011,469
17-08-2011,472.9
18-08-2011,462.6
19-08-2011,459.4
22-08-2011,469.95
23-08-2011,475.5
24-08-2011,454.5
25-08-2011,443.7
26-08-2011,422.3
29-08-2011,447.4
30-08-2011,468.55
02-09-2011,599.15
03-09-2011,612.95
05-09-2011,595.1
06-09-2011,577.05
08-09-2011,485.15
09-09-2011,476.9
11-09-2011,447.6
12-09-2011,397.55
13-09-2011,457.35
14-09-2011,469.5
15-09-2011,465.65
16-09-2011,460.85
19-09-2011,453.75
20-09-2011,461.1
21-09-2011,458.5
22-09-2011,442.4
23-09-2011,432.8
26-09-2011,435.45
27-09-2011,438.95
28-09-2011,427.4
29-09-2011,433.8
30-09-2011,415.35
01-10-2011,650.7
02-10-2011,600.55
03-10-2011,596.55
05-10-2011,588.4
06-10-2011,569.45
08-10-2011,484.95
10-10-2011,434.95
13-10-2011,453.4
14-10-2011,437.85
17-10-2011,440.05
18-10-2011,429.25
19-10-2011,434
20-10-2011,441.6
21-10-2011,433
24-10-2011,436.55
25-10-2011,452.05
26-10-2011,451.3
28-10-2011,483.7
31-10-2011,482.8
01-11-2011,646.55
02-11-2011,595.3
03-11-2011,581.3
04-11-2011,624.95
05-11-2011,594.2
07-11-2011,587.8
08-11-2011,484.4
10-11-2011,433.55
11-11-2011,429.85
14-11-2011,412.5
15-11-2011,400.45
16-11-2011,405.95
17-11-2011,400.1
18-11-2011,391.4
21-11-2011,379.7
22-11-2011,391.7
23-11-2011,382.65
24-11-2011,385.6
25-11-2011,374.95
28-11-2011,386.95
29-11-2011,387.15
30-11-2011,385.2
01-12-2011,648.9
05-12-2011,584.7
07-12-2011,572
08-12-2011,474.95
09-12-2011,454.85
10-12-2011,444.1
12-12-2011,385.45
13-12-2011,392.6
14-12-2011,375.75
15-12-2011,375.25
16-12-2011,364.95
19-12-2011,363.6
20-12-2011,342.75
21-12-2011,349.45
22-12-2011,353.9
23-12-2011,347.3
26-12-2011,357.65
27-12-2011,349.15
28-12-2011,346.85
29-12-2011,341.9
30-12-2011,335.35
02-01-2012,470.95
03-01-2012,462.8
06-01-2012,397.9
08-01-2012,409.55
10-01-2012,398.95
11-01-2012,397.45
13-01-2012,415.7
16-01-2012,421.75
17-01-2012,442.75
18-01-2012,424.9
19-01-2012,435.85
20-01-2012,436.55
23-01-2012,426.55
24-01-2012,432.35
25-01-2012,444.85
27-01-2012,458.75
30-01-2012,442.3
31-01-2012,450.8
01-02-2012,341.1
02-02-2012,475.9
03-02-2012,465.9
04-02-2012,471.75
05-02-2012,461.85
07-02-2012,446.95
08-02-2012,405.95
11-02-2012,402.35
13-02-2012,485.2
14-02-2012,487.95
15-02-2012,495.15
16-02-2012,479.1
17-02-2012,478
21-02-2012,491.5
22-02-2012,470.5
23-02-2012,471.4
24-02-2012,475.5
27-02-2012,442.4
28-02-2012,459.8
29-02-2012,472.55
01-03-2012,361.85
02-03-2012,467.5
03-03-2012,467.6
04-03-2012,478.2
05-03-2012,448.1
07-03-2012,446.35
08-03-2012,397
09-03-2012,358
10-03-2012,403.8
12-03-2012,390.7
13-03-2012,468.1
14-03-2012,460.85
15-03-2012,462.75
16-03-2012,454.6
19-03-2012,448.2
20-03-2012,454.8
21-03-2012,472.4
22-03-2012,449.9
23-03-2012,448.5
26-03-2012,440.15
27-03-2012,447
28-03-2012,455.1
29-03-2012,453.1
30-03-2012,471.75
01-04-2012,363.95
04-04-2012,475.55
05-04-2012,432.5
06-04-2012,404
07-04-2012,451.8
09-04-2012,363.7
10-04-2012,409
12-04-2012,390.15
13-04-2012,449.8
16-04-2012,455.15
17-04-2012,461.55
18-04-2012,465.2
19-04-2012,467.15
20-04-2012,470.3
23-04-2012,462.85
24-04-2012,470.25
25-04-2012,465.5
26-04-2012,466.8
27-04-2012,461.15
28-04-2012,463.25
30-04-2012,463.65
01-05-2012,362.6
03-05-2012,450.7
06-05-2012,398
07-05-2012,451.6
09-05-2012,349.9
10-05-2012,410.55
11-05-2012,397.65
12-05-2012,398.2
14-05-2012,408.2
15-05-2012,418.15
16-05-2012,400.6
17-05-2012,405.85
18-05-2012,399.95
21-05-2012,402.75
22-05-2012,399.3
23-05-2012,396.25
24-05-2012,398.65
25-05-2012,408.6
28-05-2012,411.85
29-05-2012,415.8
30-05-2012,410.3
31-05-2012,403.65
01-06-2012,363.65
02-06-2012,467.25
03-06-2012,424.95
06-06-2012,410
07-06-2012,448.25
08-06-2012,404.3
09-06-2012,351.25
11-06-2012,398.95
12-06-2012,399.8
13-06-2012,411.95
14-06-2012,406.95
15-06-2012,414.55
18-06-2012,419.75
19-06-2012,420.25
20-06-2012,426.8
21-06-2012,430.15
22-06-2012,418.6
25-06-2012,414.65
26-06-2012,410.5
27-06-2012,420.7
28-06-2012,429.05
29-06-2012,441.45
01-07-2012,362.75
02-07-2012,451.35
03-07-2012,423.8
05-07-2012,441.6
06-07-2012,411.1
08-07-2012,406.15
09-07-2012,370.9
11-07-2012,401.95
12-07-2012,394.25
13-07-2012,425
16-07-2012,407.95
17-07-2012,405.8
18-07-2012,411.65
19-07-2012,414.45
20-07-2012,415.95
23-07-2012,399.5
24-07-2012,396.85
25-07-2012,386.5
26-07-2012,384
27-07-2012,399.15
30-07-2012,410.35
31-07-2012,414.45
02-08-2012,450.65
05-08-2012,427.2
06-08-2012,410.4
08-08-2012,408.05
09-08-2012,373.85
10-08-2012,407.65
11-08-2012,403.95
13-08-2012,395.45
14-08-2012,406.1
16-08-2012,398.25
17-08-2012,394.8
21-08-2012,392.1
22-08-2012,392.55
23-08-2012,398.55
24-08-2012,387.8
27-08-2012,385.65
28-08-2012,378.2
29-08-2012,374.4
30-08-2012,365.9
31-08-2012,361.4
01-09-2012,361.75
02-09-2012,452.15
03-09-2012,455.2
04-09-2012,459.75
05-09-2012,417.45
07-09-2012,437.6
08-09-2012,406.3
10-09-2012,412.05
11-09-2012,390.55
13-09-2012,387.6
14-09-2012,405
17-09-2012,409.95
18-09-2012,405.3
20-09-2012,393.1
21-09-2012,409.35
24-09-2012,406.7
25-09-2012,400.35
26-09-2012,396.2
27-09-2012,396.3
28-09-2012,400.9
01-10-2012,371.75
02-10-2012,475.05
04-10-2012,452.8
05-10-2012,415.6
07-10-2012,438.8
08-10-2012,400.1
09-10-2012,380.05
10-10-2012,411.6
12-10-2012,400.3
15-10-2012,418.9
16-10-2012,409.1
17-10-2012,407.2
18-10-2012,411.75
19-10-2012,407.45
22-10-2012,407.85
23-10-2012,404.4
25-10-2012,398.8
26-10-2012,399.8
29-10-2012,402.05
30-10-2012,393.05
31-10-2012,392.2
01-11-2012,383
04-11-2012,446.35
05-11-2012,412
06-11-2012,409.9
07-11-2012,436
09-11-2012,376.95
10-11-2012,420.25
12-11-2012,396.1
13-11-2012,385.9
15-11-2012,375.4
16-11-2012,370.1
19-11-2012,363.5
20-11-2012,360.55
21-11-2012,364.75
22-11-2012,365.95
23-11-2012,364.85
26-11-2012,371.85
27-11-2012,375.95
29-11-2012,376.8
30-11-2012,386.2
01-12-2012,388.85
03-12-2012,456.4
04-12-2012,453.3
06-12-2012,412.9
07-12-2012,428.5
09-12-2012,387.15
10-12-2012,420.95
11-12-2012,384.1
12-12-2012,395.45
13-12-2012,388.65
14-12-2012,397
17-12-2012,399.05
18-12-2012,414.3
19-12-2012,424.1
20-12-2012,431.6
21-12-2012,430.7
24-12-2012,428.6
26-12-2012,429.9
27-12-2012,430.75
28-12-2012,428.55
31-12-2012,428.5
01-01-2013,438.2
02-01-2013,400.85
03-01-2013,341.1
04-01-2013,314.7
07-01-2013,280.7
08-01-2013,210.15
10-01-2013,275.75
11-01-2013,336.15
14-01-2013,423.8
15-01-2013,424.8
16-01-2013,414.95
17-01-2013,418.7
18-01-2013,415
21-01-2013,414.1
22-01-2013,408.7
23-01-2013,407.55
24-01-2013,404.5
25-01-2013,406.75
28-01-2013,405.65
29-01-2013,399
30-01-2013,406.25
31-01-2013,404.9
01-02-2013,438.15
04-02-2013,319.7
05-02-2013,304.6
07-02-2013,281.95
08-02-2013,202.35
09-02-2013,289.4
12-02-2013,408.3
13-02-2013,376
14-02-2013,380.9
15-02-2013,376.1
18-02-2013,385.25
19-02-2013,386.7
20-02-2013,379.25
21-02-2013,363.9
22-02-2013,364.5
25-02-2013,360.7
26-02-2013,349.45
27-02-2013,357.1
28-02-2013,341.5
01-03-2013,442.3
04-03-2013,316.85
05-03-2013,311.2
06-03-2013,296.5
07-03-2013,269.55
09-03-2013,281.3
10-03-2013,285.85
11-03-2013,338.85
12-03-2013,409.8
13-03-2013,352.1
14-03-2013,357.1
15-03-2013,354.45
18-03-2013,349.3
19-03-2013,339.7
20-03-2013,334.75
21-03-2013,327.85
22-03-2013,321.85
25-03-2013,314.4
26-03-2013,306.55
28-03-2013,312.85
01-04-2013,433.5
02-04-2013,395.05
03-04-2013,334.7
04-04-2013,304.35
06-04-2013,298.75
07-04-2013,264.8
09-04-2013,289.9
10-04-2013,288.45
12-04-2013,413.95
15-04-2013,294.45
16-04-2013,298.35
17-04-2013,297.05
18-04-2013,299.8
22-04-2013,306.7
23-04-2013,309.1
25-04-2013,312.55
26-04-2013,305.05
29-04-2013,302.45
30-04-2013,302.75
02-05-2013,394.75
03-05-2013,344.15
04-05-2013,309.2
06-05-2013,299.1
07-05-2013,264.7
08-05-2013,207.9
09-05-2013,288.65
11-05-2013,338.95
12-05-2013,421.4
13-05-2013,305.6
14-05-2013,303.9
15-05-2013,308.3
16-05-2013,311.8
17-05-2013,311.85
20-05-2013,315.35
21-05-2013,308.6
22-05-2013,305.95
23-05-2013,299.55
24-05-2013,313
27-05-2013,317.15
28-05-2013,321.8
29-05-2013,314.55
30-05-2013,301.65
31-05-2013,291.75
02-06-2013,397.45
03-06-2013,352.75
05-06-2013,322.55
06-06-2013,295.3
08-06-2013,198.25
09-06-2013,292.15
11-06-2013,333.3
12-06-2013,422.7
13-06-2013,266.15
14-06-2013,274.15
17-06-2013,277.05
18-06-2013,285.1
19-06-2013,291.1
20-06-2013,272.55
21-06-2013,272.05
24-06-2013,266.65
25-06-2013,266.45
26-06-2013,264.6
27-06-2013,264.15
28-06-2013,273.75
01-07-2013,440.9
02-07-2013,390.4
03-07-2013,350.55
05-07-2013,324.7
06-07-2013,292.05
08-07-2013,207.95
10-07-2013,300.4
11-07-2013,345.8
15-07-2013,257.45
16-07-2013,251.6
17-07-2013,243.2
18-07-2013,244.7
19-07-2013,241
22-07-2013,233.8
23-07-2013,234.6
24-07-2013,229.6
25-07-2013,222.85
26-07-2013,218.9
29-07-2013,215.4
30-07-2013,209.4
31-07-2013,215.7
01-08-2013,433.35
02-08-2013,387.45
03-08-2013,359.15
04-08-2013,305.9
05-08-2013,318.65
07-08-2013,259.9
08-08-2013,218.8
10-08-2013,296.8
11-08-2013,355.75
13-08-2013,241.4
14-08-2013,250.1
16-08-2013,235.35
19-08-2013,246.85
20-08-2013,257
21-08-2013,248.15
22-08-2013,274.1
23-08-2013,282.3
26-08-2013,277.15
27-08-2013,272.3
28-08-2013,279
29-08-2013,278.35
30-08-2013,274
01-09-2013,422.3
04-09-2013,304.4
05-09-2013,316.1
07-09-2013,261.65
10-09-2013,303.25
12-09-2013,420.95
13-09-2013,298.3
16-09-2013,291.6
17-09-2013,288.2
18-09-2013,290.2
19-09-2013,310.6
20-09-2013,300
23-09-2013,293.5
24-09-2013,292.55
25-09-2013,291.1
26-09-2013,299.9
27-09-2013,287.4
30-09-2013,271.55
01-10-2013,420.5
04-10-2013,305.25
05-10-2013,318.5
06-10-2013,290.6
07-10-2013,256.2
09-10-2013,300.6
10-10-2013,308.6
12-10-2013,423.3
14-10-2013,301.6
15-10-2013,310.5
17-10-2013,310.1
18-10-2013,328.9
21-10-2013,336.1
22-10-2013,339.95
23-10-2013,335.2
24-10-2013,332.15
25-10-2013,321.85
28-10-2013,312.3
29-10-2013,325.85
30-10-2013,326.6
31-10-2013,334.9
01-11-2013,417.3
02-11-2013,384.8
03-11-2013,359.35
04-11-2013,298.5
05-11-2013,318.7
06-11-2013,281.2
07-11-2013,261.05
09-11-2013,315.7
10-11-2013,307.9
11-11-2013,360.8
12-11-2013,418.25
13-11-2013,357.75
14-11-2013,375.35
18-11-2013,386.8
19-11-2013,383.25
20-11-2013,385
21-11-2013,382.6
22-11-2013,392.45
25-11-2013,397.95
26-11-2013,391.75
27-11-2013,394.75
28-11-2013,400.9
29-11-2013,400.6
02-12-2013,384.9
03-12-2013,356.25
04-12-2013,299.5
06-12-2013,273.75
07-12-2013,262.65
08-12-2013,236.55
09-12-2013,302.75
11-12-2013,352.45
12-12-2013,412.75
13-12-2013,415.15
16-12-2013,408.9
17-12-2013,408.7
18-12-2013,414.9
19-12-2013,410.8
20-12-2013,417.95
23-12-2013,423.15
24-12-2013,418.4
26-12-2013,425.35
27-12-2013,425.05
30-12-2013,425.55
31-12-2013,424.2
01-01-2014,425.9
04-01-2014,401.15
07-01-2014,540.65
08-01-2014,548.75
09-01-2014,524.1
10-01-2014,448.8
12-01-2014,461.15
13-01-2014,385.95
14-01-2014,374.35
15-01-2014,375
16-01-2014,381.1
17-01-2014,377.65
20-01-2014,374.55
21-01-2014,383.6
22-01-2014,393.25
23-01-2014,389.25
24-01-2014,376
27-01-2014,353.55
28-01-2014,366.65
29-01-2014,358
30-01-2014,346.55
31-01-2014,356.05
01-02-2014,419.2
04-02-2014,403.45
05-02-2014,390.05
06-02-2014,492.9
07-02-2014,543.5
09-02-2014,519.2
12-02-2014,465.2
13-02-2014,367.45
14-02-2014,370.8
17-02-2014,374.05
18-02-2014,379.65
19-02-2014,373.85
20-02-2014,366.75
21-02-2014,374.4
24-02-2014,369.2
25-02-2014,360.55
26-02-2014,349.3
28-02-2014,343.8
01-03-2014,412.5
02-03-2014,343.1
03-03-2014,345.3
04-03-2014,397.65
06-03-2014,526.8
07-03-2014,539.05
09-03-2014,526
11-03-2014,489.15
12-03-2014,463.75
13-03-2014,336.85
14-03-2014,341.7
18-03-2014,340.7
19-03-2014,356.6
20-03-2014,349.95
21-03-2014,362.85
22-03-2014,362.3
24-03-2014,363.1
25-03-2014,367.1
26-03-2014,374.8
27-03-2014,375.4
28-03-2014,381.5
31-03-2014,393.95
02-04-2014,342.95
03-04-2014,351.75
04-04-2014,402
06-04-2014,537.4
07-04-2014,536.6
08-04-2014,551.85
09-04-2014,509.05
12-04-2014,461.85
15-04-2014,409.15
16-04-2014,413.7
17-04-2014,418.9
21-04-2014,423.5
22-04-2014,420.85
23-04-2014,426.55
25-04-2014,426.9
28-04-2014,425.8
29-04-2014,405.5
30-04-2014,400.65
02-05-2014,359.4
03-05-2014,355.95
05-05-2014,397.55
06-05-2014,556.95
08-05-2014,562.2
09-05-2014,513.4
11-05-2014,478.1
12-05-2014,461.15
13-05-2014,427.1
14-05-2014,452.35
15-05-2014,460.6
16-05-2014,440.9
19-05-2014,450.75
20-05-2014,467.15
21-05-2014,462.55
22-05-2014,470.9
23-05-2014,478.2
26-05-2014,467.65
27-05-2014,477.6
28-05-2014,469.25
29-05-2014,465.95
30-05-2014,475.1
01-06-2014,408.3
02-06-2014,361.25
03-06-2014,364.2
05-06-2014,401.75
06-06-2014,560.65
08-06-2014,550.5
13-06-2014,525.55
16-06-2014,524.6
17-06-2014,532.3
18-06-2014,521.9
19-06-2014,519.45
20-06-2014,519.9
23-06-2014,526.9
24-06-2014,532.3
25-06-2014,530.95
26-06-2014,525.8
27-06-2014,518.9
30-06-2014,528.4
01-07-2014,394.7
02-07-2014,384.45
03-07-2014,371.1
04-07-2014,406.65
05-07-2014,399.9
07-07-2014,536.05
08-07-2014,555.8
10-07-2014,440.15
11-07-2014,471.4
14-07-2014,513.4
15-07-2014,527.15
16-07-2014,542.7
17-07-2014,558.8
18-07-2014,563
21-07-2014,562.7
22-07-2014,562.2
23-07-2014,554.55
24-07-2014,568.1
25-07-2014,557.6
28-07-2014,548.5
30-07-2014,546.1
31-07-2014,553.4
01-08-2014,392.4
05-08-2014,402
07-08-2014,513.55
08-08-2014,537.7
09-08-2014,517.45
10-08-2014,456.15
12-08-2014,451.85
13-08-2014,534.5
14-08-2014,541.7
18-08-2014,546.45
19-08-2014,544.1
20-08-2014,545.55
21-08-2014,536.6
22-08-2014,537.75
25-08-2014,512
26-08-2014,524.95
27-08-2014,523.2
28-08-2014,513.15
01-09-2014,390.8
04-09-2014,418.75
05-09-2014,416.7
06-09-2014,575.25
07-09-2014,518.35
09-09-2014,518.65
10-09-2014,467.55
12-09-2014,436.3
15-09-2014,507.7
16-09-2014,490.15
17-09-2014,498.4
18-09-2014,505.45
19-09-2014,511
22-09-2014,500.9
23-09-2014,485.6
24-09-2014,472.2
25-09-2014,460.4
26-09-2014,474.25
29-09-2014,466.4
30-09-2014,459.05
01-10-2014,384.5
02-10-2014,382.5
03-10-2014,364.15
04-10-2014,417.8
06-10-2014,558.7
07-10-2014,521.4
09-10-2014,519.2
10-10-2014,448.05
11-10-2014,470.85
12-10-2014,432.5
13-10-2014,457.75
14-10-2014,456.05
16-10-2014,439.1
17-10-2014,447.55
20-10-2014,450.15
21-10-2014,455.7
22-10-2014,457.15
23-10-2014,459.1
27-10-2014,450.5
28-10-2014,451.2
29-10-2014,471.7
30-10-2014,474.5
31-10-2014,490
02-11-2014,389.75
03-11-2014,343.75
04-11-2014,419.85
06-11-2014,549.45
07-11-2014,501.9
08-11-2014,534.75
09-11-2014,517.6
11-11-2014,480.3
12-11-2014,418.75
13-11-2014,471.25
14-11-2014,478.15
17-11-2014,480.1
18-11-2014,486.4
19-11-2014,471
20-11-2014,466.6
21-11-2014,462.9
24-11-2014,476.6
25-11-2014,464.45
26-11-2014,466.25
27-11-2014,460.2
28-11-2014,473.35
02-12-2014,374.35
03-12-2014,339.6
05-12-2014,420.05
06-12-2014,549.65
08-12-2014,542.05
09-12-2014,515.95
11-12-2014,468.35
12-12-2014,402.7
15-12-2014,400.95
16-12-2014,389.65
17-12-2014,393.45
18-12-2014,401.6
19-12-2014,405.45
22-12-2014,404.05
23-12-2014,394.8
24-12-2014,395.25
26-12-2014,398.25
29-12-2014,404.1
30-12-2014,396.3
31-12-2014,399.4
01-01-2015,404.45
04-01-2015,323.65
06-01-2015,329.65
07-01-2015,306.95
09-01-2015,216.3
10-01-2015,212.25
12-01-2015,237.55
13-01-2015,391.5
14-01-2015,376.85
15-01-2015,384.75
16-01-2015,383.4
19-01-2015,384.75
20-01-2015,402
21-01-2015,397.1
22-01-2015,403.4
23-01-2015,403.1
27-01-2015,398.4
28-01-2015,391.15
29-01-2015,390.4
30-01-2015,390.45
01-02-2015,410.75
02-02-2015,383.85
03-02-2015,352.55
06-02-2015,321.75
07-02-2015,304.35
09-02-2015,219.5
11-02-2015,238.9
12-02-2015,243.85
13-02-2015,366.55
16-02-2015,369.8
18-02-2015,367.5
19-02-2015,375.25
20-02-2015,374.7
23-02-2015,367.35
24-02-2015,359.1
25-02-2015,350.9
26-02-2015,345.2
27-02-2015,350.65
28-02-2015,355.25
02-03-2015,381.1
03-03-2015,353.15
06-03-2015,316.25
07-03-2015,301.2
08-03-2015,247.95
09-03-2015,229.75
11-03-2015,235.7
12-03-2015,240.15
13-03-2015,326.5
16-03-2015,326.2
17-03-2015,332.55
18-03-2015,331.75
19-03-2015,336.6
20-03-2015,328.7
23-03-2015,331.4
24-03-2015,327.15
25-03-2015,323.15
26-03-2015,315.6
27-03-2015,315.1
30-03-2015,322.4
31-03-2015,316.75
02-04-2015,389.2
03-04-2015,348.15
05-04-2015,361.65
06-04-2015,308.05
08-04-2015,256.3
09-04-2015,218.9
11-04-2015,235.4
12-04-2015,240.25
13-04-2015,345.2
15-04-2015,337.65
16-04-2015,337.7
17-04-2015,346
20-04-2015,344.45
21-04-2015,348.25
22-04-2015,351.35
23-04-2015,369.45
24-04-2015,370.5
27-04-2015,368.9
28-04-2015,371.25
29-04-2015,369.95
30-04-2015,360.35
01-05-2015,416.7
02-05-2015,379.25
03-05-2015,343.25
05-05-2015,380.1
06-05-2015,311.1
08-05-2015,262.3
10-05-2015,225
11-05-2015,225.4
13-05-2015,359.5
14-05-2015,366.4
15-05-2015,364.1
18-05-2015,364.15
19-05-2015,368.35
20-05-2015,361.3
21-05-2015,342.25
22-05-2015,341.3
25-05-2015,332
26-05-2015,332.85
27-05-2015,328.15
28-05-2015,324.7
29-05-2015,328.5
01-06-2015,396.5
02-06-2015,368.65
04-06-2015,318.1
05-06-2015,367.65
07-06-2015,299
08-06-2015,261
10-06-2015,227.5
11-06-2015,220.25
15-06-2015,297
16-06-2015,294.45
17-06-2015,305.05
18-06-2015,303.7
19-06-2015,304.95
22-06-2015,310.65
23-06-2015,313.05
24-06-2015,304.55
25-06-2015,302.7
26-06-2015,298.65
29-06-2015,296.3
30-06-2015,304.6
01-07-2015,388.9
04-07-2015,333.5
05-07-2015,367.3
07-07-2015,298.2
08-07-2015,262.05
09-07-2015,215.85
10-07-2015,236.8
12-07-2015,243.55
13-07-2015,284.45
14-07-2015,281.15
15-07-2015,280.4
16-07-2015,280.8
17-07-2015,284.05
20-07-2015,283.55
21-07-2015,274.7
22-07-2015,280.4
23-07-2015,269.9
24-07-2015,265.05
27-07-2015,250.75
28-07-2015,249.25
29-07-2015,250.55
30-07-2015,248.15
31-07-2015,246.9
01-08-2015,394.95
04-08-2015,336.1
05-08-2015,366.7
06-08-2015,302.25
07-08-2015,283.15
09-08-2015,228.75
10-08-2015,240.8
12-08-2015,234.75
13-08-2015,233.6
14-08-2015,237.6
17-08-2015,246.75
18-08-2015,252.35
19-08-2015,249.8
20-08-2015,241.55
21-08-2015,237.25
24-08-2015,206.1
25-08-2015,213.45
26-08-2015,215.65
27-08-2015,226.4
28-08-2015,228.95
31-08-2015,225.4
01-09-2015,399.65
02-09-2015,347.45
03-09-2015,336.3
04-09-2015,346.05
06-09-2015,304.75
07-09-2015,280.5
09-09-2015,239.5
10-09-2015,251.1
11-09-2015,222.25
12-09-2015,226.85
14-09-2015,241.8
15-09-2015,229.15
16-09-2015,230.5
18-09-2015,228.1
21-09-2015,226.45
22-09-2015,220.1
23-09-2015,221
24-09-2015,215.15
28-09-2015,209.25
29-09-2015,201.4
30-09-2015,212.6
02-10-2015,357.75
03-10-2015,331.6
04-10-2015,342.7
06-10-2015,306
07-10-2015,280.9
08-10-2015,261.15
09-10-2015,240.2
11-10-2015,218.05
12-10-2015,233
13-10-2015,245
14-10-2015,248.35
15-10-2015,255.25
16-10-2015,252.9
19-10-2015,248.4
20-10-2015,240.8
21-10-2015,244.4
23-10-2015,246
26-10-2015,249.65
27-10-2015,245.95
28-10-2015,247.15
29-10-2015,247.6
30-10-2015,246.6
02-11-2015,365
03-11-2015,325.3
05-11-2015,377.1
06-11-2015,298.7
08-11-2015,246.8
09-11-2015,232.95
11-11-2015,220.45
12-11-2015,240.9
13-11-2015,222.65
16-11-2015,230.6
17-11-2015,234.55
18-11-2015,225.85
19-11-2015,228.75
20-11-2015,230
23-11-2015,224.45
24-11-2015,224.35
26-11-2015,227.9
27-11-2015,231.25
30-11-2015,229.6
01-12-2015,396.75
02-12-2015,365.3
03-12-2015,333.2
05-12-2015,353.6
06-12-2015,297.55
08-12-2015,249.05
10-12-2015,250.85
14-12-2015,245
15-12-2015,244.35
16-12-2015,244.7
17-12-2015,257.1
18-12-2015,255.65
21-12-2015,258.45
22-12-2015,257.4
23-12-2015,264.45
24-12-2015,263.35
28-12-2015,254.1
29-12-2015,255.3
30-12-2015,258.7
31-12-2015,259.8
01-01-2016,257.4
02-01-2016,249.3
03-01-2016,257.05
04-01-2016,317.75
06-01-2016,332.15
07-01-2016,328.1
08-01-2016,364.85
09-01-2016,374.6
11-01-2016,417.7
12-01-2016,409.6
13-01-2016,246.6
14-01-2016,238.75
15-01-2016,229.7
18-01-2016,235.9
19-01-2016,238
20-01-2016,232
21-01-2016,235.6
22-01-2016,247.8
25-01-2016,254.9
27-01-2016,257.6
28-01-2016,254.2
29-01-2016,249.7
02-02-2016,231.45
03-02-2016,267.55
05-02-2016,346.95
06-02-2016,340.65
08-02-2016,361.85
09-02-2016,374.2
11-02-2016,413.35
12-02-2016,406.4
15-02-2016,246.7
16-02-2016,244.85
17-02-2016,251.25
18-02-2016,250.85
19-02-2016,253.25
22-02-2016,255.25
23-02-2016,253.55
24-02-2016,247.9
25-02-2016,248.15
26-02-2016,248.45
29-02-2016,249.1
02-03-2016,224
03-03-2016,287.05
05-03-2016,348.9
06-03-2016,338.55
08-03-2016,358.05
10-03-2016,382.85
11-03-2016,403.3
14-03-2016,296.7
15-03-2016,300.45
16-03-2016,299.5
17-03-2016,295.9
18-03-2016,302.2
21-03-2016,303.55
22-03-2016,309.8
23-03-2016,317.2
28-03-2016,299.15
29-03-2016,303.85
30-03-2016,324.3
31-03-2016,319.7
01-04-2016,256.9
02-04-2016,225.95
03-04-2016,288.55
04-04-2016,320.35
05-04-2016,328.75
07-04-2016,331.25
08-04-2016,373.8
10-04-2016,391.15
11-04-2016,403.1
13-04-2016,332.85
18-04-2016,335.55
20-04-2016,357.45
21-04-2016,354.55
22-04-2016,353.65
25-04-2016,347.45
26-04-2016,358.6
27-04-2016,356.75
28-04-2016,347.6
29-04-2016,351.1
01-05-2016,274.3
02-05-2016,233.85
04-05-2016,312.3
05-05-2016,331.8
07-05-2016,333.65
08-05-2016,381.7
10-05-2016,390.7
12-05-2016,413.5
13-05-2016,322.65
16-05-2016,326.4
17-05-2016,327.15
18-05-2016,329.05
19-05-2016,326.25
20-05-2016,322.65
23-05-2016,313.55
24-05-2016,317.7
25-05-2016,324.6
26-05-2016,325.2
27-05-2016,329.6
30-05-2016,322.35
31-05-2016,334.35
01-06-2016,268.75
04-06-2016,328.55
05-06-2016,329.3
06-06-2016,337.85
09-06-2016,385.75
10-06-2016,389.85
12-06-2016,418.45
13-06-2016,323.1
14-06-2016,324.95
15-06-2016,330.25
16-06-2016,330.5
17-06-2016,325.45
20-06-2016,336.25
21-06-2016,334.05
22-06-2016,332.45
23-06-2016,333.95
24-06-2016,312.65
27-06-2016,310.5
28-06-2016,311.5
29-06-2016,313.6
30-06-2016,321.95
01-07-2016,249.9
04-07-2016,323.7
06-07-2016,342.6
07-07-2016,317.7
09-07-2016,389.95
10-07-2016,406.55
11-07-2016,412.6
12-07-2016,411.9
13-07-2016,357.75
14-07-2016,359.3
15-07-2016,372.9
18-07-2016,365.65
19-07-2016,370.25
20-07-2016,368.45
21-07-2016,362.3
22-07-2016,365.45
25-07-2016,363.65
26-07-2016,367.8
27-07-2016,363.05
28-07-2016,349.85
29-07-2016,355.05
01-08-2016,253.6
02-08-2016,234.1
03-08-2016,291.8
04-08-2016,322.1
06-08-2016,341.5
07-08-2016,318.35
08-08-2016,379.55
09-08-2016,403
11-08-2016,408.65
12-08-2016,431.3
16-08-2016,379.15
17-08-2016,391.85
18-08-2016,387.2
19-08-2016,392.15
22-08-2016,388.15
23-08-2016,385.15
24-08-2016,379.95
25-08-2016,372.3
26-08-2016,369.45
29-08-2016,373.75
30-08-2016,377.75
31-08-2016,370.1
02-09-2016,235.5
03-09-2016,295.4
05-09-2016,328.7
06-09-2016,342.05
08-09-2016,375.35
09-09-2016,394.6
11-09-2016,399.35
12-09-2016,430.55
14-09-2016,373.9
15-09-2016,366.4
16-09-2016,358.85
19-09-2016,361.65
20-09-2016,365.6
21-09-2016,369.8
22-09-2016,377.25
23-09-2016,372
26-09-2016,369.75
27-09-2016,367.95
28-09-2016,380.35
29-09-2016,368.8
30-09-2016,374.25
02-10-2016,235.7
03-10-2016,296.7
05-10-2016,328.05
06-10-2016,334.4
08-10-2016,370.3
10-10-2016,418.4
11-10-2016,437
13-10-2016,413.8
14-10-2016,412.3
17-10-2016,410.8
18-10-2016,424.95
19-10-2016,426
20-10-2016,428.55
21-10-2016,427.2
24-10-2016,426.05
25-10-2016,415.25
26-10-2016,398.6
27-10-2016,397.15
28-10-2016,405.45
30-10-2016,404.7
01-11-2016,251.65
02-11-2016,224.5
03-11-2016,294.05
04-11-2016,331.15
05-11-2016,329.8
07-11-2016,327
08-11-2016,368.35
11-11-2016,426.5
15-11-2016,393.05
16-11-2016,392.75
17-11-2016,392.75
18-11-2016,385.1
21-11-2016,371.45
22-11-2016,378.05
23-11-2016,392.7
24-11-2016,398.15
25-11-2016,408.75
28-11-2016,406.6
29-11-2016,408.95
30-11-2016,415.05
01-12-2016,245.75
02-12-2016,217.5
04-12-2016,324.5
05-12-2016,330.6
07-12-2016,342.3
08-12-2016,374.75
09-12-2016,373.3
12-12-2016,424.2
13-12-2016,421.1
14-12-2016,417.75
15-12-2016,419.3
16-12-2016,414.05
19-12-2016,410.35
20-12-2016,403.5
21-12-2016,404.5
22-12-2016,392.2
23-12-2016,390.85
26-12-2016,380.1
27-12-2016,392.4
28-12-2016,388.45
29-12-2016,392.35
30-12-2016,391.25
02-01-2017,474.6
03-01-2017,500.35
06-01-2017,497.15
08-01-2017,572.4
09-01-2017,651.2
11-01-2017,707.3
12-01-2017,680.9
13-01-2017,446.35
16-01-2017,458.45
17-01-2017,454.25
18-01-2017,468.35
19-01-2017,467.15
20-01-2017,454.5
23-01-2017,461.8
24-01-2017,464.25
25-01-2017,469.5
27-01-2017,469.3
30-01-2017,462.05
31-01-2017,463.05
01-02-2017,406.75
02-02-2017,476.95
03-02-2017,494.65
05-02-2017,445.05
06-02-2017,491.95
08-02-2017,569.25
11-02-2017,706.1
13-02-2017,472.6
14-02-2017,472.4
15-02-2017,460.1
16-02-2017,469.95
17-02-2017,468.2
20-02-2017,487.05
21-02-2017,490.95
22-02-2017,484.05
23-02-2017,485.75
27-02-2017,480.6
28-02-2017,482.7
01-03-2017,403.3
02-03-2017,472.8
03-03-2017,495.1
04-03-2017,485.85
05-03-2017,440.8
07-03-2017,550.6
08-03-2017,559.3
10-03-2017,660.8
11-03-2017,708.9
14-03-2017,472.55
15-03-2017,479.05
16-03-2017,499.65
17-03-2017,502.2
20-03-2017,496.65
21-03-2017,496.4
22-03-2017,488.1
23-03-2017,495.5
24-03-2017,493.2
27-03-2017,476.5
28-03-2017,480.2
29-03-2017,484.4
30-03-2017,477.5
31-03-2017,482.7
01-04-2017,405.45
05-04-2017,442.45
07-04-2017,547.55
08-04-2017,575.85
09-04-2017,646.55
10-04-2017,659
12-04-2017,687.8
13-04-2017,463.55
17-04-2017,462.4
18-04-2017,449.9
19-04-2017,450.75
20-04-2017,454.4
21-04-2017,450.85
24-04-2017,450.7
25-04-2017,454.65
26-04-2017,453.8
27-04-2017,445.85
28-04-2017,449.25
01-05-2017,419.3
04-05-2017,493.3
05-05-2017,433.6
06-05-2017,491.3
07-05-2017,549.95
09-05-2017,652.1
10-05-2017,661
12-05-2017,675.7
15-05-2017,456.05
16-05-2017,456.55
17-05-2017,493.9
18-05-2017,486.25
19-05-2017,489.5
22-05-2017,486.4
23-05-2017,490.4
24-05-2017,483.35
25-05-2017,484.7
26-05-2017,511.75
29-05-2017,507.7
30-05-2017,511.85
31-05-2017,504.7
01-06-2017,419.55
02-06-2017,473.4
03-06-2017,492.7
04-06-2017,501.65
06-06-2017,490.3
07-06-2017,554.65
09-06-2017,653
10-06-2017,691.45
11-06-2017,706.8
12-06-2017,667.6
13-06-2017,508.6
14-06-2017,502.65
15-06-2017,502.55
16-06-2017,501.95
19-06-2017,519.55
20-06-2017,522.35
21-06-2017,517.65
22-06-2017,515
23-06-2017,507.25
27-06-2017,510.9
28-06-2017,520.6
29-06-2017,535.05
30-06-2017,545.75
02-07-2017,472.8
03-07-2017,482
04-07-2017,493.2
06-07-2017,490.85
07-07-2017,553.35
08-07-2017,600.05
09-07-2017,652.8
11-07-2017,693.2
12-07-2017,688
13-07-2017,563.95
14-07-2017,558.4
17-07-2017,559.8
18-07-2017,563.3
19-07-2017,571.2
20-07-2017,557.2
21-07-2017,553.25
24-07-2017,548.5
25-07-2017,552.95
26-07-2017,565.75
27-07-2017,561.25
28-07-2017,551.9
31-07-2017,567.1
02-08-2017,470.65
03-08-2017,472.45
05-08-2017,431.9
06-08-2017,499
08-08-2017,616.45
09-08-2017,655.4
11-08-2017,693.15
12-08-2017,697.8
14-08-2017,623.75
16-08-2017,631.2
17-08-2017,625.4
18-08-2017,625.65
21-08-2017,621.55
22-08-2017,619.6
23-08-2017,634.6
24-08-2017,639
28-08-2017,635.85
29-08-2017,630.2
30-08-2017,638.65
31-08-2017,638.05
01-09-2017,422
02-09-2017,459.85
03-09-2017,469.45
05-09-2017,433.5
06-09-2017,507.05
08-09-2017,605.05
10-09-2017,697.25
11-09-2017,703.4
13-09-2017,679.65
14-09-2017,677.7
15-09-2017,678.95
18-09-2017,672.9
19-09-2017,676.4
20-09-2017,687.65
21-09-2017,687.1
22-09-2017,654
25-09-2017,639.75
26-09-2017,654.1
27-09-2017,649.35
28-09-2017,649.7
29-09-2017,652.55
01-10-2017,431.9
02-10-2017,468.2
03-10-2017,467.75
04-10-2017,495.35
05-10-2017,437.45
07-10-2017,559.35
08-10-2017,604.35
10-10-2017,690.8
11-10-2017,702.25
13-10-2017,710.85
16-10-2017,714.95
17-10-2017,712.5
18-10-2017,709.6
19-10-2017,705.5
23-10-2017,712
24-10-2017,719.3
25-10-2017,717.6
26-10-2017,729.2
27-10-2017,726.8
30-10-2017,718.25
31-10-2017,703.8
01-11-2017,448.25
04-11-2017,488.1
05-11-2017,441.15
07-11-2017,556.85
08-11-2017,596.75
09-11-2017,662.6
10-11-2017,682.3
12-11-2017,699.55
13-11-2017,691.05
14-11-2017,685.5
15-11-2017,677.75
16-11-2017,686.35
17-11-2017,701.2
20-11-2017,702.15
21-11-2017,711.35
22-11-2017,711.05
23-11-2017,712.7
24-11-2017,708.45
27-11-2017,702.55
28-11-2017,703.85
29-11-2017,709.3
30-11-2017,694.15
01-12-2017,447.55
04-12-2017,477.4
05-12-2017,436.7
06-12-2017,508.4
07-12-2017,559.1
09-12-2017,682.9
10-12-2017,691.6
12-12-2017,689.85
13-12-2017,680.85
14-12-2017,685.75
15-12-2017,694.7
18-12-2017,704.7
19-12-2017,710.2
20-12-2017,702.8
21-12-2017,714.6
22-12-2017,711.2
26-12-2017,721.65
27-12-2017,723.45
28-12-2017,736.25
29-12-2017,732.4
01-01-2018,722.2
02-01-2018,696.75
03-01-2018,675.05
06-01-2018,560.65
08-01-2018,555.8
10-01-2018,583.2
11-01-2018,556.6
15-01-2018,783.5
16-01-2018,765.75
17-01-2018,774
18-01-2018,751.75
19-01-2018,753
22-01-2018,752.2
23-01-2018,779.75
24-01-2018,762.1
25-01-2018,769.15
29-01-2018,783.15
30-01-2018,775.85
31-01-2018,705.05
01-02-2018,729.3
02-02-2018,670.45
04-02-2018,578.8
05-02-2018,574.5
07-02-2018,560.5
08-02-2018,554.3
11-02-2018,574.05
14-02-2018,708
15-02-2018,700.55
16-02-2018,689.75
19-02-2018,648.85
20-02-2018,651.3
21-02-2018,640.95
22-02-2018,637.55
23-02-2018,677.75
26-02-2018,680.2
27-02-2018,671.75
28-02-2018,671.6
01-03-2018,734.95
04-03-2018,579.7
05-03-2018,585.45
07-03-2018,566
08-03-2018,554.45
09-03-2018,600.75
10-03-2018,579.6
12-03-2018,538.1
13-03-2018,628.85
14-03-2018,620.55
15-03-2018,611.75
16-03-2018,600.2
19-03-2018,574.95
20-03-2018,593
21-03-2018,582.25
22-03-2018,580.9
23-03-2018,566.5
26-03-2018,581.55
27-03-2018,590
28-03-2018,571.05
01-04-2018,760.25
04-04-2018,560.55
05-04-2018,580.75
06-04-2018,566.15
07-04-2018,571.1
09-04-2018,593.05
10-04-2018,582.3
12-04-2018,538.2
13-04-2018,594.05
16-04-2018,591.6
17-04-2018,596.05
18-04-2018,601.6
19-04-2018,621.95
20-04-2018,606.2
23-04-2018,606.6
24-04-2018,597.55
25-04-2018,586.2
26-04-2018,578.2
27-04-2018,589.8
30-04-2018,594.95
01-05-2018,770.7
02-05-2018,664.05
03-05-2018,655.9
04-05-2018,580.45
06-05-2018,572.1
07-05-2018,553.3
09-05-2018,594.4
10-05-2018,568
11-05-2018,577.45
12-05-2018,517.7
14-05-2018,610.35
15-05-2018,625.95
16-05-2018,621.25
17-05-2018,610.3
18-05-2018,591.4
21-05-2018,577
22-05-2018,576.8
23-05-2018,540.05
24-05-2018,548.2
25-05-2018,568.25
28-05-2018,576.65
29-05-2018,575.35
30-05-2018,577.9
31-05-2018,575.65
02-06-2018,664.5
03-06-2018,659.75
04-06-2018,587.2
06-06-2018,579.75
07-06-2018,553.5
08-06-2018,553.25
09-06-2018,600.3
11-06-2018,575.75
12-06-2018,510.2
13-06-2018,567.6
14-06-2018,569.55
15-06-2018,566
18-06-2018,558.5
19-06-2018,555
20-06-2018,563.25
21-06-2018,557.75
22-06-2018,561.85
25-06-2018,558.6
26-06-2018,549.5
27-06-2018,543.2
28-06-2018,548.45
29-06-2018,567.75
02-07-2018,661.8
03-07-2018,647.7
05-07-2018,596.45
06-07-2018,602.1
08-07-2018,573.15
09-07-2018,619.15
11-07-2018,580.25
12-07-2018,509.3
13-07-2018,558.6
16-07-2018,519.25
17-07-2018,532.35
18-07-2018,504.25
19-07-2018,498.65
20-07-2018,503.2
23-07-2018,516.9
24-07-2018,527.4
25-07-2018,536
26-07-2018,534.85
27-07-2018,550.2
30-07-2018,553
31-07-2018,563.05
01-08-2018,768.75
02-08-2018,671.45
03-08-2018,635.9
05-08-2018,596.35
06-08-2018,600.5
08-08-2018,577.5
10-08-2018,559.8
13-08-2018,568.8
14-08-2018,578.95
16-08-2018,567.55
17-08-2018,580.15
20-08-2018,599.4
21-08-2018,582.15
23-08-2018,571.65
24-08-2018,575.6
27-08-2018,581.2
28-08-2018,590.35
29-08-2018,594.2
30-08-2018,608.35
31-08-2018,600.5
01-09-2018,772.3
02-09-2018,685.3
03-09-2018,606.75
04-09-2018,586.15
05-09-2018,603.15
07-09-2018,555.6
08-09-2018,585.95
10-09-2018,572.5
11-09-2018,572.2
14-09-2018,615
17-09-2018,616.4
18-09-2018,612.75
19-09-2018,621.2
21-09-2018,625.15
24-09-2018,607.7
25-09-2018,601
26-09-2018,608.9
27-09-2018,611.55
28-09-2018,581.25
01-10-2018,772.85
04-10-2018,601.9
05-10-2018,594.15
07-10-2018,568.65
08-10-2018,576.7
09-10-2018,613.65
10-10-2018,583.65
12-10-2018,502.85
15-10-2018,570
16-10-2018,572.8
17-10-2018,554.65
19-10-2018,554.95
22-10-2018,544.75
23-10-2018,545.6
24-10-2018,550.05
25-10-2018,545.75
26-10-2018,551.55
29-10-2018,573.7
30-10-2018,564.5
31-10-2018,553.85
01-11-2018,770.95
04-11-2018,608.05
05-11-2018,607.25
06-11-2018,588.65
07-11-2018,555.7
09-11-2018,592.1
10-11-2018,555.15
12-11-2018,500.75
13-11-2018,589.2
14-11-2018,589.1
15-11-2018,589.35
16-11-2018,574.1
19-11-2018,582.4
20-11-2018,563.3
21-11-2018,551.4
22-11-2018,539.65
26-11-2018,530.7
27-11-2018,522.3
28-11-2018,523.95
29-11-2018,533.55
30-11-2018,529.5
01-12-2018,770.25
02-12-2018,713.1
03-12-2018,622.9
04-12-2018,598.4
06-12-2018,580
07-12-2018,555.2
09-12-2018,605.55
10-12-2018,576.5
11-12-2018,582.85
12-12-2018,520.25
13-12-2018,512.25
14-12-2018,513.55
17-12-2018,524
18-12-2018,527
19-12-2018,527.4
20-12-2018,523.35
21-12-2018,520.2
24-12-2018,513.7
26-12-2018,513.45
27-12-2018,506.5
28-12-2018,512.85
31-12-2018,521.05
01-01-2019,515.75
02-01-2019,474.7
03-01-2019,507.6
04-01-2019,535.15
07-01-2019,506.95
08-01-2019,420
10-01-2019,351.55
11-01-2019,399.5
14-01-2019,470.85
15-01-2019,475.05
16-01-2019,474.55
17-01-2019,473.15
18-01-2019,470.65
21-01-2019,471.7
22-01-2019,456.55
23-01-2019,464.6
24-01-2019,460.75
25-01-2019,452.9
28-01-2019,445.7
29-01-2019,443.8
30-01-2019,467.45
31-01-2019,476.7
01-02-2019,493.65
04-02-2019,530.65
05-02-2019,554.95
07-02-2019,508.8
08-02-2019,409.1
12-02-2019,420.85
13-02-2019,484
14-02-2019,482.55
15-02-2019,467.5
18-02-2019,465.55
19-02-2019,470.95
20-02-2019,491.15
21-02-2019,498.85
22-02-2019,502.3
25-02-2019,505.1
26-02-2019,503.6
27-02-2019,507.1
28-02-2019,500.45
01-03-2019,481.25
04-03-2019,535.45
05-03-2019,547.8
06-03-2019,497.65
07-03-2019,510.3
09-03-2019,331.4
10-03-2019,339.6
12-03-2019,399.65
13-03-2019,513.75
14-03-2019,517.65
15-03-2019,515.45
18-03-2019,525.2
19-03-2019,527.5
20-03-2019,513.6
22-03-2019,518.4
25-03-2019,515.15
26-03-2019,519.35
27-03-2019,515.8
28-03-2019,506.3
29-03-2019,521
01-04-2019,487.65
02-04-2019,476.05
04-04-2019,530.65
06-04-2019,497.65
07-04-2019,495.3
09-04-2019,339.25
10-04-2019,333.1
11-04-2019,409.15
12-04-2019,409.3
15-04-2019,553.15
16-04-2019,553.25
18-04-2019,543.1
22-04-2019,534.2
23-04-2019,523.35
24-04-2019,525.25
25-04-2019,510.75
26-04-2019,545.25
30-04-2019,557.2
02-05-2019,464.7
03-05-2019,521.75
04-05-2019,549.3
07-05-2019,478.35
08-05-2019,399.25
09-05-2019,345.15
11-05-2019,403.95
12-05-2019,399.8
13-05-2019,472.3
14-05-2019,469.55
15-05-2019,462.95
16-05-2019,469.25
17-05-2019,469.45
20-05-2019,483.8
21-05-2019,472.55
22-05-2019,473
23-05-2019,464.7
24-05-2019,484.15
27-05-2019,512.55
28-05-2019,507.05
29-05-2019,493.3
30-05-2019,487.95
31-05-2019,488.3
02-06-2019,485.1
03-06-2019,520.85
05-06-2019,535.95
06-06-2019,484.6
08-06-2019,401.6
09-06-2019,355.4
11-06-2019,404.45
12-06-2019,403.25
13-06-2019,502.55
14-06-2019,501.8
17-06-2019,473.1
18-06-2019,472.3
19-06-2019,494.1
20-06-2019,501
21-06-2019,497.65
24-06-2019,486.25
25-06-2019,498
26-06-2019,510.6
27-06-2019,510.7
28-06-2019,504.4
01-07-2019,485.5
02-07-2019,489.05
03-07-2019,521.15
05-07-2019,530.6
06-07-2019,482.1
08-07-2019,381.9
10-07-2019,324.8
11-07-2019,403.1
15-07-2019,468.3
16-07-2019,476.7
17-07-2019,475.7
18-07-2019,466.6
19-07-2019,458.05
22-07-2019,465.55
23-07-2019,459.85
24-07-2019,446
25-07-2019,440.35
26-07-2019,445.5
29-07-2019,433.45
30-07-2019,415.05
31-07-2019,432.05
01-08-2019,491.35
02-08-2019,468.75
03-08-2019,507.85
04-08-2019,549.05
05-08-2019,522.65
07-08-2019,468.05
08-08-2019,367.4
11-08-2019,397.95
13-08-2019,348.7
14-08-2019,364.65
16-08-2019,363.05
19-08-2019,359.55
20-08-2019,358.25
21-08-2019,343
22-08-2019,333.7
23-08-2019,345.25
26-08-2019,338.05
27-08-2019,350.9
28-08-2019,336.95
29-08-2019,335.55
30-08-2019,344.9
01-09-2019,479.2
04-09-2019,553.05
05-09-2019,519.15
07-09-2019,468.45
08-09-2019,362.35
09-09-2019,353.8
10-09-2019,336.45
12-09-2019,406.7
13-09-2019,367.35
16-09-2019,361.1
17-09-2019,344.95
18-09-2019,358.25
19-09-2019,344.65
20-09-2019,368.55
23-09-2019,377.35
24-09-2019,370.8
25-09-2019,362.05
26-09-2019,375.75
27-09-2019,359.65
30-09-2019,360.5
01-10-2019,480.4
04-10-2019,544.4
05-10-2019,486.8
06-10-2019,486.05
07-10-2019,454.8
10-10-2019,329.95
12-10-2019,402.05
14-10-2019,344.85
15-10-2019,349.2
16-10-2019,347.4
17-10-2019,356.1
18-10-2019,359.6
22-10-2019,354.5
23-10-2019,356.2
24-10-2019,359.9
25-10-2019,362.25
27-10-2019,365
29-10-2019,390.2
30-10-2019,388
31-10-2019,380.55
01-11-2019,474.2
02-11-2019,480.7
03-11-2019,520.65
04-11-2019,535.7
06-11-2019,492.5
07-11-2019,462
09-11-2019,367.05
10-11-2019,339
11-11-2019,401.45
12-11-2019,405.55
13-11-2019,397.9
14-11-2019,391.95
15-11-2019,394.5
18-11-2019,410.05
19-11-2019,401.75
20-11-2019,398.7
21-11-2019,385.1
22-11-2019,400
25-11-2019,419.5
26-11-2019,424.15
27-11-2019,421.35
28-11-2019,432.1
29-11-2019,427.5
02-12-2019,487.4
03-12-2019,525.15
04-12-2019,533.65
06-12-2019,505.85
07-12-2019,472.9
09-12-2019,365.05
12-12-2019,418.7
13-12-2019,428.4
16-12-2019,421
17-12-2019,439.4
18-12-2019,444.75
19-12-2019,446.75
20-12-2019,461
23-12-2019,462.15
24-12-2019,463
26-12-2019,467.9
27-12-2019,469.5
30-12-2019,474.75
31-12-2019,472.05
01-01-2020,467.75
02-01-2020,423.8
04-01-2020,266.35
06-01-2020,315.2
07-01-2020,323.7
09-01-2020,428.65
10-01-2020,364.95
12-01-2020,585.8
13-01-2020,495.75
14-01-2020,498.6
15-01-2020,502.1
16-01-2020,494.4
17-01-2020,495.25
20-01-2020,490.65
21-01-2020,476.15
22-01-2020,475.05
23-01-2020,480.25
24-01-2020,483.4
27-01-2020,462.45
28-01-2020,446.25
29-01-2020,452.2
30-01-2020,448.55
31-01-2020,438.7
01-02-2020,484.85
03-02-2020,364.05
06-02-2020,319.4
07-02-2020,334.9
09-02-2020,438.65
11-02-2020,402.85
12-02-2020,604.35
13-02-2020,441.25
14-02-2020,434.55
17-02-2020,436.85
18-02-2020,431.4
19-02-2020,433.2
20-02-2020,443.55
24-02-2020,415.45
25-02-2020,421.3
26-02-2020,416.3
27-02-2020,412.8
28-02-2020,381.75
01-03-2020,483.7
02-03-2020,436.05
03-03-2020,387.55
04-03-2020,253.75
06-03-2020,317.4
07-03-2020,329.9
08-03-2020,373.5
09-03-2020,438.1
11-03-2020,406.9
12-03-2020,620.9
13-03-2020,326.7
16-03-2020,289.6
17-03-2020,282.75
18-03-2020,280.85
19-03-2020,271.85
20-03-2020,297.75
23-03-2020,271.15
24-03-2020,271.9
25-03-2020,286.8
26-03-2020,284.45
27-03-2020,277.25
30-03-2020,254.05
31-03-2020,269.6
02-04-2020,451.9
03-04-2020,377.15
05-04-2020,273.6
06-04-2020,319.95
08-04-2020,372.25
09-04-2020,421.3
11-04-2020,403.9
12-04-2020,622.7
13-04-2020,282.55
15-04-2020,285.15
16-04-2020,288.9
17-04-2020,293.35
20-04-2020,286.4
21-04-2020,265.95
22-04-2020,268.35
23-04-2020,270.3
24-04-2020,267.55
27-04-2020,271.65
28-04-2020,273.55
29-04-2020,282.65
30-04-2020,298.3
02-05-2020,475.05
03-05-2020,375.75
05-05-2020,272.65
06-05-2020,338.95
08-05-2020,395.8
10-05-2020,382.3
11-05-2020,425.5
13-05-2020,276.55
14-05-2020,268.55
15-05-2020,273.45
18-05-2020,266.6
19-05-2020,272
20-05-2020,283.2
21-05-2020,283.7
22-05-2020,274.45
26-05-2020,280.45
27-05-2020,287.95
28-05-2020,295.5
29-05-2020,295.2
01-06-2020,473.25
02-06-2020,477.6
03-06-2020,351.5
05-06-2020,277.75
07-06-2020,338.9
08-06-2020,400.45
10-06-2020,377.4
11-06-2020,426.5
15-06-2020,306.2
16-06-2020,308.95
17-06-2020,308.2
18-06-2020,318.1
19-06-2020,320.55
22-06-2020,325.7
23-06-2020,332
24-06-2020,326.05
25-06-2020,323.1
26-06-2020,323.85
29-06-2020,320.85
30-06-2020,326.7
01-07-2020,476.1
02-07-2020,471
04-07-2020,276.2
05-07-2020,275.85
07-07-2020,330.3
08-07-2020,404.05
09-07-2020,422.5
10-07-2020,371.1
12-07-2020,614.55
13-07-2020,342.1
14-07-2020,336.65
15-07-2020,339.3
16-07-2020,341.65
17-07-2020,350.95
20-07-2020,352.4
21-07-2020,359.15
22-07-2020,350.05
23-07-2020,351.9
24-07-2020,346.1
27-07-2020,352.85
28-07-2020,358.5
29-07-2020,373.75
30-07-2020,366.6
31-07-2020,366.3
01-08-2020,475.25
04-08-2020,274.75
05-08-2020,272.9
06-08-2020,333.6
07-08-2020,334.2
09-08-2020,405.1
10-08-2020,373.65
12-08-2020,613.45
13-08-2020,413.1
14-08-2020,418.5
17-08-2020,425.05
18-08-2020,434.5
19-08-2020,431.7
20-08-2020,432.6
21-08-2020,428.85
24-08-2020,429.5
25-08-2020,424
26-08-2020,425
27-08-2020,426.85
28-08-2020,424.2
31-08-2020,413
01-09-2020,483.15
03-09-2020,322.3
04-09-2020,284.85
06-09-2020,332.2
07-09-2020,344.5
09-09-2020,417.4
10-09-2020,369.5
11-09-2020,438.3
12-09-2020,609.35
14-09-2020,404.65
15-09-2020,405.25
16-09-2020,404.6
17-09-2020,398.7
18-09-2020,395.5
21-09-2020,373.4
22-09-2020,374.15
23-09-2020,361.3
24-09-2020,343.9
25-09-2020,352.1
28-09-2020,361
29-09-2020,370.05
30-09-2020,359.75
01-10-2020,486.2
02-10-2020,443.8
06-10-2020,324
07-10-2020,338.7
08-10-2020,410.2
09-10-2020,408
11-10-2020,441.9
12-10-2020,610.1
13-10-2020,368.35
14-10-2020,375.55
15-10-2020,373.9
16-10-2020,393.85
19-10-2020,395.5
20-10-2020,392.4
21-10-2020,404.05
22-10-2020,409.65
23-10-2020,423.45
26-10-2020,408.4
27-10-2020,411
28-10-2020,402.3
29-10-2020,401.4
30-10-2020,410.55
02-11-2020,444.1
03-11-2020,299.75
05-11-2020,276.2
06-11-2020,313.15
08-11-2020,416.45
09-11-2020,407.5
11-11-2020,473.95
12-11-2020,621.7
13-11-2020,486.55
14-11-2020,492.2
17-11-2020,522.7
18-11-2020,517.2
19-11-2020,523.6
20-11-2020,532.9
23-11-2020,543.1
24-11-2020,548.3
25-11-2020,541.25
26-11-2020,568.4
27-11-2020,577.35
02-12-2020,447.95
03-12-2020,287.45
05-12-2020,273.95
06-12-2020,317.6
08-12-2020,414.5
10-12-2020,371.1
11-12-2020,473.15
14-12-2020,626.75
15-12-2020,635.35
16-12-2020,643.4
17-12-2020,635.3
18-12-2020,631.25
21-12-2020,595.85
22-12-2020,601.35
23-12-2020,621.4
24-12-2020,622.3
28-12-2020,632.65
29-12-2020,632.2
30-12-2020,640.45
31-12-2020,643.65
01-01-2021,643.1
02-01-2021,636.1
03-01-2021,730.4
04-01-2021,863.05
06-01-2021,1100.9
07-01-2021,1163.55
09-01-2021,1411.2
10-01-2021,1297.85
13-01-2021,709.15
14-01-2021,706.35
15-01-2021,705.9
18-01-2021,666.7
19-01-2021,681.1
20-01-2021,690.15
21-01-2021,666.7
22-01-2021,647
25-01-2021,651.95
27-01-2021,626
28-01-2021,623.7
29-01-2021,601
02-02-2021,641.65
03-02-2021,735.5
06-02-2021,1124.05
07-02-2021,1136
08-02-2021,1410.05
09-02-2021,1425.1
15-02-2021,672.15
16-02-2021,699.2
17-02-2021,696.8
18-02-2021,697.75
19-02-2021,670.7
22-02-2021,684.55
23-02-2021,729.3
24-02-2021,727.7
25-02-2021,742.9
26-02-2021,715.15
02-03-2021,653.15
03-03-2021,777.15
05-03-2021,1064.75
06-03-2021,1122
08-03-2021,1407.2
09-03-2021,1443.65
15-03-2021,736.4
16-03-2021,724.05
17-03-2021,704.4
18-03-2021,704.85
19-03-2021,733
22-03-2021,743.5
23-03-2021,741.15
24-03-2021,702.8
25-03-2021,723.15
26-03-2021,766.85
30-03-2021,800
31-03-2021,811.85
01-04-2021,693
02-04-2021,655.95
03-04-2021,757.95
05-04-2021,1063.85
06-04-2021,1120.7
08-04-2021,1416.2
10-04-2021,1324.15
13-04-2021,879
15-04-2021,898.2
16-04-2021,890.25
19-04-2021,888.05
20-04-2021,894
22-04-2021,921.4
23-04-2021,925.6
26-04-2021,940.75
27-04-2021,977.75
28-04-2021,971.4
29-04-2021,1031.35
30-04-2021,1034
01-05-2021,680.55
02-05-2021,685.05
03-05-2021,733.3
04-05-2021,867.75
05-05-2021,1070.15
07-05-2021,1156.85
08-05-2021,1446.6
10-05-2021,1316.85
14-05-2021,1132.1
17-05-2021,1150.85
18-05-2021,1180
19-05-2021,1164.25
20-05-2021,1105.05
21-05-2021,1113.1
24-05-2021,1092
25-05-2021,1105.2
26-05-2021,1082.15
27-05-2021,1096.65
28-05-2021,1103.5
31-05-2021,1125.65
01-06-2021,683.8
04-06-2021,862.85
05-06-2021,1100.9
07-06-2021,1167.25
08-06-2021,1428.85
09-06-2021,1437
10-06-2021,1279.9
14-06-2021,1164.8
15-06-2021,1174.3
16-06-2021,1142.15
17-06-2021,1103.75
18-06-2021,1092.3
21-06-2021,1106.15
22-06-2021,1112.3
23-06-2021,1100.1
24-06-2021,1113.15
25-06-2021,1165.25
28-06-2021,1184
29-06-2021,1172.55
30-06-2021,1166.6
01-07-2021,722.8
04-07-2021,874.85
05-07-2021,1182.35
06-07-2021,1128.7
07-07-2021,1218.65
09-07-2021,1428.7
10-07-2021,1289.2
13-07-2021,1228.75
14-07-2021,1244.7
15-07-2021,1255.95
16-07-2021,1278.45
19-07-2021,1266.4
20-07-2021,1233.35
22-07-2021,1273
23-07-2021,1281.4
26-07-2021,1297.95
27-07-2021,1330.65
28-07-2021,1365
29-07-2021,1458.6
30-07-2021,1434.3
01-08-2021,713.15
02-08-2021,702.95
03-08-2021,737.25
04-08-2021,918.4
06-08-2021,1111.1
07-08-2021,1189.75
09-08-2021,1429.85
10-08-2021,1301.15
13-08-2021,1461.65
16-08-2021,1519.4
17-08-2021,1503.7
18-08-2021,1500.45
20-08-2021,1375.6
23-08-2021,1358.65
24-08-2021,1404.65
25-08-2021,1390.2
26-08-2021,1375.05
27-08-2021,1384.15
30-08-2021,1440.6
31-08-2021,1450.25
02-09-2021,699.2
03-09-2021,706.75
04-09-2021,899.5
06-09-2021,1101
07-09-2021,1239.35
08-09-2021,1412.2
09-09-2021,1447
13-09-2021,1463.45
14-09-2021,1452.3
15-09-2021,1455.1
16-09-2021,1436.75
17-09-2021,1385.9
20-09-2021,1253.1
21-09-2021,1292.2
22-09-2021,1305.8
23-09-2021,1318.7
24-09-2021,1272.1
27-09-2021,1270.5
28-09-2021,1280.95
29-09-2021,1295.55
30-09-2021,1288.9
02-10-2021,690.25
03-10-2021,724.5
05-10-2021,1216.35
06-10-2021,1114.45
08-10-2021,1373.6
13-10-2021,1354.3
14-10-2021,1375.05
